AuthorID,Author,Date,Content,Attachments,Reactions
"261357590829596674","truly#5810","2019-05-17 19:06:21Z","https://www.reuters.com/article/us-einride-autonomous-sweden-idUSKCN1SL0NC","",""
"261357590829596674","truly#5810","2019-05-17 19:06:37Z","Sweden's really in the future now!","",""
"261357590829596674","truly#5810","2019-05-20 04:43:00Z","https://www.meetup.com/roboticsclub/events/255456113/?rv=md2","",""
"261357590829596674","truly#5810","2019-05-20 04:43:06Z","https://www.sandag.org/uploads/meetingid/meetingid_4898_23442.pdf","",""
"165100050110742530","cherryfeather#3004","2019-08-06 10:20:11Z","Wait is it just me or did the Google Docs color pickers change","",""
"165100050110742530","cherryfeather#3004","2019-08-06 10:20:37Z","","https://cdn.discordapp.com/attachments/579021342356144164/608243014523158549/Screen_Shot_2019-08-06_at_3.20.26_AM.png",""
"65559042231119872","Snu#0167","2019-08-10 23:08:49Z","https://github.com/facebook/create-react-app/releases/tag/v3.1.0","",""
"165100050110742530","cherryfeather#3004","2019-08-11 01:11:44Z","Do we always look at the same reddit posts ü§î","","acm (1),react (1),js (1)"
"65559042231119872","Snu#0167","2019-08-13 18:18:43Z","https://github.blog/2019-08-13-use-github-classroom-with-your-own-tool wait this is kinda cool","",""
"261357590829596674","truly#5810","2019-08-13 18:24:19Z","rip ucsd uses blackboard","",""
"65559042231119872","Snu#0167","2019-09-07 05:42:34Z","https://www.soompi.com/article/1350713wpp/sm-entertainment-plans-to-launch-own-cryptocurrency","",""
"90669319024836608","for loop#9853","2019-09-07 05:44:51Z","Loook","https://cdn.discordapp.com/attachments/579021342356144164/619770030413840385/image0.png",""
"90669319024836608","for loop#9853","2019-09-07 05:45:15Z","Thats why QQQ is best","",""
"90669319024836608","for loop#9853","2019-09-07 05:45:32Z","My crypto day trading days are over","",""
"65559042231119872","Snu#0167","2019-09-07 05:45:41Z",":GWnkeFeelsGood:","https://cdn.discordapp.com/attachments/579021342356144164/619770236450766850/unknown.png",""
"90669319024836608","for loop#9853","2019-09-07 05:45:59Z","100 gain yesterday for qqq","",""
"90669319024836608","for loop#9853","2019-09-07 05:46:19Z","Lets hope for no trade war","",""
"65559042231119872","Snu#0167","2019-09-07 05:47:08Z","im ready for red velvet coin","",""
"65559042231119872","Snu#0167","2019-09-07 05:47:13Z","or exo coin","",""
"90669319024836608","for loop#9853","2019-09-07 05:47:31Z","What is chuck e cheese has there own crypto","",""
"65559042231119872","Snu#0167","2019-09-07 05:47:55Z","o god","https://cdn.discordapp.com/attachments/579021342356144164/619770801612259348/unknown.png",""
"90669319024836608","for loop#9853","2019-09-07 06:06:00Z","@Snu  dsc","",""
"131719635174293504","Dystopian Love#2932","2019-09-24 09:17:17Z","üëÄ","",""
"400790942925324308","StoneT2000#2103","2019-09-29 18:32:32Z","Have you guys seen what happened with WeWork","",""
"400790942925324308","StoneT2000#2103","2019-09-29 18:32:45Z","$47B valuation down to like $12B or smth","",""
"261357590829596674","truly#5810","2019-09-29 18:32:54Z","Yo it's insaneee","",""
"261357590829596674","truly#5810","2019-09-29 18:33:01Z","Ceo got oustes","",""
"261357590829596674","truly#5810","2019-09-29 18:33:04Z","Ousted","",""
"400790942925324308","StoneT2000#2103","2019-09-29 18:33:05Z","yeah i heard","",""
"400790942925324308","StoneT2000#2103","2019-09-29 18:33:11Z","literally about to IPO","",""
"400790942925324308","StoneT2000#2103","2019-09-29 18:33:17Z","now they talking about bankruptcy","",""
"261357590829596674","truly#5810","2019-09-29 18:33:22Z","Apparently their business modrl","",""
"261357590829596674","truly#5810","2019-09-29 18:33:31Z","Was kinda shit","",""
"400790942925324308","StoneT2000#2103","2019-09-29 18:33:37Z","i thought it seemed kinda ok","",""
"400790942925324308","StoneT2000#2103","2019-09-29 18:33:43Z","like it got investment","",""
"261357590829596674","truly#5810","2019-09-29 18:33:44Z","Apparently","",""
"261357590829596674","truly#5810","2019-09-29 18:33:55Z","They can't sustain it","",""
"261357590829596674","truly#5810","2019-09-29 18:34:00Z","Cuz they're still at thr mercy of landlords","",""
"400790942925324308","StoneT2000#2103","2019-09-29 18:34:01Z","rip","",""
"261357590829596674","truly#5810","2019-09-29 18:34:08Z","Cuz they can't reliably buy buildings","",""
"261357590829596674","truly#5810","2019-09-29 18:34:17Z","And the landlords are gonna like","",""
"261357590829596674","truly#5810","2019-09-29 18:34:29Z","Heavily increase the lease prices","",""
"400790942925324308","StoneT2000#2103","2019-09-29 18:34:35Z","i feel like","",""
"400790942925324308","StoneT2000#2103","2019-09-29 18:34:40Z","WeWork should just be a furnishing company","",""
"261357590829596674","truly#5810","2019-09-29 18:34:40Z","It's unfortunate cuz we work does some super great things","",""
"261357590829596674","truly#5810","2019-09-29 18:34:44Z","Lmfao","",""
"400790942925324308","StoneT2000#2103","2019-09-29 18:34:47Z","design and consulting","",""
"400790942925324308","StoneT2000#2103","2019-09-29 18:34:49Z","for workspaces","",""
"261357590829596674","truly#5810","2019-09-29 18:34:53Z","McKinsey reax only","",""
"261357590829596674","truly#5810","2019-09-29 18:35:02Z","It was nice tjo","",""
"261357590829596674","truly#5810","2019-09-29 18:35:07Z","Cuz otherwise as a startup","",""
"261357590829596674","truly#5810","2019-09-29 18:35:15Z","Landlords make you sign a 3 year lease","",""
"261357590829596674","truly#5810","2019-09-29 18:35:20Z","And u the startup are like","",""
"261357590829596674","truly#5810","2019-09-29 18:35:22Z","Yuhh","",""
"261357590829596674","truly#5810","2019-09-29 18:35:32Z","Idk man series a coming up and if we don't do well we dead","",""
"400790942925324308","StoneT2000#2103","2019-09-29 18:35:56Z","rip","",""
"71501943637282816","KNOX#1118","2019-10-01 23:49:58Z","https://twitter.com/byuu_san/status/1179118629419286528","","üëç (1)"
"71501943637282816","KNOX#1118","2019-10-02 19:35:40Z","https://www.benzinga.com/node/14530288","","üòÆ (1)"
"65559042231119872","Snu#0167","2019-10-24 10:56:21Z","https://www.kpbs.org/news/2019/oct/23/supercomputer-helps-fight-southern-california-wild/","","üëç (2)"
"71501943637282816","KNOX#1118","2019-10-25 19:59:06Z","https://community.turgensec.com/machine-learning-for-curing-lung-cancer/","",""
"71501943637282816","KNOX#1118","2019-10-30 01:56:42Z","https://twitter.com/wugeej/status/1188986338764189696?s=21","","üëç (1)"
"222517346588164097","BarackGrande#3968","2019-10-31 07:15:46Z","https://www.theverge.com/2019/5/22/18635326/huawei-arm-chip-designs-business-suspension","","üòÆ (1)"
"222517346588164097","BarackGrande#3968","2019-10-31 07:15:50Z","https://www.theverge.com/2019/10/25/20932096/arm-license-chip-architecture-huawei-trump-trade-ban-uk-us","",""
"222517346588164097","BarackGrande#3968","2019-10-31 07:15:55Z","#5monthchallenge","",""
"71501943637282816","KNOX#1118","2019-10-31 07:56:35Z","SoftBank isn‚Äôt stupid","","üòÆ (1)"
"65559042231119872","Snu#0167","2019-11-04 18:15:09Z","https://newsroom.fb.com/news/2019/11/introducing-our-new-company-brand/","",""
"261357590829596674","truly#5810","2019-11-04 18:15:50Z","wow that‚Äôs ugly","",""
"261357590829596674","truly#5810","2019-11-04 18:16:02Z","but good for them being tRaNsPaReNt","",""
"522908004136255489","shmet#9694","2019-11-04 20:59:17Z","full dystopian logo","","üïê (1),üïò (1),üïó (1),üïì (1)"
"522908004136255489","shmet#9694","2019-11-04 20:59:21Z","fuck it mask off","","üòÑ (1)"
"71501943637282816","KNOX#1118","2019-11-04 21:03:24Z","https://www.cnbc.com/2019/11/04/microsoft-japan-4-day-work-week-experiment-sees-productivity-jump-40percent.html","",""
"71501943637282816","KNOX#1118","2019-11-06 02:45:21Z","https://www.bleepingcomputer.com/news/security/discord-abused-to-spread-malware-and-harvest-stolen-data/","",""
"71501943637282816","KNOX#1118","2019-11-06 04:28:06Z","https://www.bloomberg.com/news/articles/2019-11-05/robinhood-has-a-glitch-that-gives-traders-infinite-leverage","",""
"71501943637282816","KNOX#1118","2019-11-07 02:00:42Z","https://finance.yahoo.com/news/ex-twitter-employees-charged-saudi-225219152.html","",""
"261357590829596674","truly#5810","2019-11-07 07:52:24Z","https://twitter.com/NBCNews/status/1191399480815427584","",""
"65559042231119872","Snu#0167","2019-11-07 07:59:54Z","wack","",""
"90669319024836608","for loop#9853","2019-11-08 09:06:17Z","https://youtu.be/kopoLzvh5jY","",""
"90669319024836608","for loop#9853","2019-11-08 09:06:25Z","Thought this was really cool","",""
"261357590829596674","truly#5810","2019-11-08 17:02:16Z","holy","",""
"261357590829596674","truly#5810","2019-11-08 17:02:38Z","thats so neat using something as simple as hide n seek to train ai","",""
"90669319024836608","for loop#9853","2019-11-08 18:01:29Z","Yeah!","",""
"71501943637282816","KNOX#1118","2019-11-13 16:32:32Z","https://www.theverge.com/2019/11/13/20962745/google-checking-account-citigroup-stanford-pay-banking-financial-services-cache","",""
"71501943637282816","KNOX#1118","2019-11-13 16:32:36Z",":oof:","",""
"261357590829596674","truly#5810","2019-11-13 22:20:44Z","tfw your market cap is too high so you just gotta keep buying other industries to keep with investors","",""
"261357590829596674","truly#5810","2019-11-13 22:21:04Z","also google be @ing robinhood","",""
"71501943637282816","KNOX#1118","2019-11-19 02:05:11Z","https://www.reuters.com/article/us-interpol-encryption-exclusive/exclusive-interpol-plans-to-condemn-encryption-spread-citing-predators-sources-say-idUSKBN1XR0S7","",""
"146619230760992768","riku#6996","2019-11-19 03:40:05Z","> ‚ÄúTech companies should include mechanisms in the design of their encrypted products and services whereby governments, acting with appropriate legal authority, can obtain access to data in a readable and useable format.‚Äù
_yikes_","",""
"249409586094669824","god#1891","2019-11-20 08:29:04Z","oh this fucking shit aginn","",""
"249409586094669824","god#1891","2019-11-20 08:29:06Z","again*","",""
"71501943637282816","KNOX#1118","2019-11-20 17:07:45Z","https://twitter.com/GenePark/status/1196488999524802562","",""
"117543813563547648","LittlestAnt#3124","2019-11-20 18:41:04Z","Hey Stadia ran pretty smoothly when I played with it using the Google internet","",""
"71501943637282816","KNOX#1118","2019-11-20 18:48:43Z","I'd hope so","",""
"222517346588164097","BarackGrande#3968","2019-11-21 08:12:08Z","from what I've heard Gene Park was playing via his company vpn","",""
"71501943637282816","KNOX#1118","2019-11-22 05:21:06Z","","https://cdn.discordapp.com/attachments/579021342356144164/647305532700360727/106259831-1574397175198cybertruck-elon2.png",""
"71501943637282816","KNOX#1118","2019-11-22 05:21:07Z","uhhhh elon","",""
"71501943637282816","KNOX#1118","2019-11-22 05:21:37Z","","https://cdn.discordapp.com/attachments/579021342356144164/647305663294472222/04-desktop-1574398118.png",""
"71501943637282816","KNOX#1118","2019-11-22 05:21:41Z","mr. musk *sir*","",""
"71501943637282816","KNOX#1118","2019-11-22 05:22:25Z","","https://cdn.discordapp.com/attachments/579021342356144164/647305865275375616/screen-shot-2019-11-21-at-8-42-24-pm-1574397994.png",""
"71501943637282816","KNOX#1118","2019-11-22 05:22:26Z","excuse me","",""
"71501943637282816","KNOX#1118","2019-11-22 05:23:09Z","","https://cdn.discordapp.com/attachments/579021342356144164/647306050227273739/screen-shot-2019-11-21-at-8-42-29-pm-1574397989.png",""
"71501943637282816","KNOX#1118","2019-11-22 05:23:28Z",":BlobFearSweat:","",""
"71501943637282816","KNOX#1118","2019-11-22 05:25:20Z","https://www.tesla.com/cybertruck","",""
"210908400152870912","sw4nky#8532","2019-11-22 09:17:39Z","@KNOX I thought it was a joke at first","",""
"71501943637282816","KNOX#1118","2019-11-22 14:15:32Z","Yeah the shear BALLS","",""
"71501943637282816","KNOX#1118","2019-11-22 18:58:52Z","","https://cdn.discordapp.com/attachments/579021342356144164/647511331758407681/image0.png","pikachu (1)"
"211275950325760002","ledleledle#3407","2019-11-22 21:51:33Z","I like it lmao","",""
"211275950325760002","ledleledle#3407","2019-11-22 21:51:51Z","Looks like it could be in cyberpunk 2077","",""
"90669319024836608","for loop#9853","2019-11-23 06:57:19Z","halo warthog","",""
"222517346588164097","BarackGrande#3968","2019-11-26 16:00:58Z","I thought it looked like a gta v car on lowest graphics settings","",""
"71501943637282816","KNOX#1118","2019-11-26 16:06:44Z","","https://cdn.discordapp.com/attachments/579021342356144164/648917566479138877/image0.jpg","üá´ (6)"
"71501943637282816","KNOX#1118","2019-12-05 01:11:35Z","https://reuters.com/article/amp/idUSKBN1Y62JO","",""
"261357590829596674","truly#5810","2019-12-05 19:34:02Z","1984 reax only","",""
"522908004136255489","shmet#9694","2019-12-05 22:12:58Z","https://www.theverge.com/2019/12/5/20995453/away-luggage-ceo-steph-korey-toxic-work-environment-travel-inclusion","","üòø (2)"
"71501943637282816","KNOX#1118","2019-12-06 06:57:30Z","https://www.theregister.co.uk/AMP/2019/12/05/atlassian_zero_day_bug/","",""
"71501943637282816","KNOX#1118","2019-12-06 06:57:58Z","God how does Tavis get his name on every security article ever","",""
"426264856954667008","djuanit0x#4078","2019-12-30 06:00:46Z","https://medium.com/ethdenver/ethdenver-2020-is-taking-the-first-steps-to-evolve-into-a-dao-applications-are-live-more-806411267606
Application is open until 15 January 2020 üôÇ","",""
"311262625784922112","michl1001#5416","2020-01-09 05:39:19Z","","https://cdn.discordapp.com/attachments/579021342356144164/664704733449027605/Screenshot_20200103-171706_Chrome.jpg",""
"261357590829596674","truly#5810","2020-01-09 06:32:53Z","Reverse stuxnet is a real fear tbh","",""
"261357590829596674","truly#5810","2020-01-09 06:33:16Z","Tho technically there's already been a cyber attack - it was just on a really low importance gov website","",""
"522908004136255489","shmet#9694","2020-01-10 22:31:17Z","https://blog.digitalocean.com/from-15-000-database-connections-to-under-100-digitaloceans-tale-of-tech-debt/","","üòÆ (1)"
"522908004136255489","shmet#9694","2020-01-10 22:32:00Z","interesting architecture thing and much less technical than a lot of other tech company blog posts","",""
"71501943637282816","KNOX#1118","2020-01-14 22:31:23Z","https://www.bbc.co.uk/news/technology-51106356","",""
"165100050110742530","cherryfeather#3004","2020-01-15 01:17:56Z","oof","",""
"71501943637282816","KNOX#1118","2020-01-20 06:58:19Z","https://threatpost.com/exploit-fully-breaks-sha-1/151697/","",""
"71501943637282816","KNOX#1118","2020-01-20 23:39:03Z","https://www.zdnet.com/article/lastpass-is-in-the-midst-of-a-major-outage/","","pikachu (1)"
"80459704131649536","dill#1209","2020-01-20 23:44:29Z","good thing I only made mine just recently","",""
"318513670038749185","n3|{œÄ0s!s#2436","2020-01-22 06:53:10Z","Lastpass might not be the best option moving forward, last I heard they were being bought quietly. Increase in risk depending on who the buyer ends up being.","",""
"80459704131649536","dill#1209","2020-01-22 06:56:02Z","any suggested alternatives?","",""
"146619230760992768","riku#6996","2020-01-22 06:58:00Z","Bitwarden, self host your own instance (use Bitwarden_rs for server, not Bitwarden), with LetsEncrypt for SSL","",""
"146619230760992768","riku#6996","2020-01-22 06:59:02Z","you don't need to self-host if you just want basic features, but it's good to host for complete control over privacy","",""
"71501943637282816","KNOX#1118","2020-01-22 06:59:20Z","Real shit","",""
"80459704131649536","dill#1209","2020-01-22 06:59:57Z","yeah im pretty clueless on this stuff so this is helpful","",""
"146619230760992768","riku#6996","2020-01-22 07:00:15Z","Bitwarden also has 2FA support built in (as in it can store your 2FA keys)","",""
"146619230760992768","riku#6996","2020-01-22 07:00:27Z","it's pretty handy cause it copies the 2fa key automatically once you tell it to fill in the user/pass","",""
"146619230760992768","riku#6996","2020-01-22 07:00:59Z","but there's an argument it kinda ruins the whole point of having your passwords separate from 2FA","",""
"80459704131649536","dill#1209","2020-01-22 07:01:15Z","right","",""
"146619230760992768","riku#6996","2020-01-22 07:01:24Z","but realistically speaking it's fine; stuff like that and yubikey are more designed to prevent someone from getting into your account _because your password was leaked in a data breach_","",""
"80459704131649536","dill#1209","2020-01-22 07:01:36Z","i'll look into moving over into this at some point","",""
"146619230760992768","riku#6996","2020-01-22 07:02:07Z","you can just import your entire LastPass store lol","",""
"146619230760992768","riku#6996","2020-01-22 07:02:15Z","","https://cdn.discordapp.com/attachments/579021342356144164/669436644847255572/unknown.png",""
"80459704131649536","dill#1209","2020-01-22 07:02:29Z","thats clean","",""
"146619230760992768","riku#6996","2020-01-22 07:03:40Z","and it has all the sync and platform stuff you want","",""
"146619230760992768","riku#6996","2020-01-22 07:03:51Z","mac/windows/ios/android/chrome ext./firefox ext/web vault etc","",""
"80459704131649536","dill#1209","2020-01-22 07:04:16Z","is it different from lastpass in that its open source","",""
"80459704131649536","dill#1209","2020-01-22 07:04:24Z","just basic feature wise","",""
"146619230760992768","riku#6996","2020-01-22 07:04:32Z","wat","",""
"146619230760992768","riku#6996","2020-01-22 07:04:39Z","just basic feature wise?","",""
"80459704131649536","dill#1209","2020-01-22 07:05:43Z","like you were saying you can host bitwarden if you wanted to which i wouldn't consider a basic feature","",""
"80459704131649536","dill#1209","2020-01-22 07:06:02Z","im just asking if bitwarden does anything differently","",""
"146619230760992768","riku#6996","2020-01-22 07:06:19Z","does anything differently _how_ lol","",""
"146619230760992768","riku#6996","2020-01-22 07:06:22Z","that's a pretty broad question","",""
"80459704131649536","dill#1209","2020-01-22 07:06:48Z","this is true, lets just say how keys are stored","",""
"146619230760992768","riku#6996","2020-01-22 07:07:46Z","https://help.bitwarden.com/article/what-encryption-is-used/","",""
"80459704131649536","dill#1209","2020-01-22 07:08:12Z","ty","",""
"80459704131649536","dill#1209","2020-01-22 07:08:21Z","appreciate the help","",""
"145716108668698624","Simon Fong#7930","2020-01-24 06:36:35Z","https://techcrunch.com/2020/01/23/layoffs-hit-qa-startup-quora/","",""
"249409586094669824","god#1891","2020-01-24 06:47:03Z","yep üò¢","",""
"71501943637282816","KNOX#1118","2020-01-30 18:55:01Z","https://news.sky.com/story/apple-and-its-wifi-chip-company-broadcom-ordered-to-pay-11bn-to-university-over-iphone-patents-11921401","",""
"65559042231119872","Snu#0167","2020-02-04 07:27:08Z","https://www.forbes.com/sites/vineerbhansali/2020/02/03/tsla-beauty-happens/#2e6867ad340e","",""
"65559042231119872","Snu#0167","2020-02-04 07:27:29Z",":GWvictoriaMeguFace:","https://cdn.discordapp.com/attachments/579021342356144164/674154043131691011/unknown.png",""
"522908004136255489","shmet#9694","2020-02-04 22:41:14Z","everything related to the Iowa caucus app","",""
"522908004136255489","shmet#9694","2020-02-04 22:42:03Z","basically some company promised a super cheap app to count votes for the Iowa caucus and then a bunch of bootcamp new grads to develop the vote counting app","",""
"522908004136255489","shmet#9694","2020-02-04 22:42:47Z","looks like they recorded everything correctly but they were storing data in some distributed system and didn't do reads properly so they kept reporting inaccurate vote totals all night","",""
"522908004136255489","shmet#9694","2020-02-04 22:42:57Z","lots of discussion on tech twitter","",""
"400790942925324308","StoneT2000#2103","2020-02-04 23:46:01Z","","https://cdn.discordapp.com/attachments/579021342356144164/674400297509978122/image0.png",""
"400790942925324308","StoneT2000#2103","2020-02-04 23:46:10Z","Some thoughts from Don Norman on the Iowa incident","",""
"522908004136255489","shmet#9694","2020-02-05 01:54:05Z","lmfao Don with the random flex at the end","","pikachu (1)"
"522908004136255489","shmet#9694","2020-02-05 01:54:18Z","but yeah apparently they deployed their platform on a free tier","",""
"522908004136255489","shmet#9694","2020-02-05 01:54:53Z","https://www.theverge.com/2020/2/4/21122737/iowa-democractic-caucus-voting-app-android-testfairy-screenshots-app-store","",""
"522908004136255489","shmet#9694","2020-02-05 01:55:00Z","it's def an interesting case study; I can't wait to read the post mortem if they ever release one","",""
"71501943637282816","KNOX#1118","2020-02-05 02:57:19Z","Hehehe","",""
"71501943637282816","KNOX#1118","2020-02-05 02:57:22Z","That‚Äôs cool","",""
"249409586094669824","god#1891","2020-02-05 06:04:47Z","Lmaooo","",""
"65559042231119872","Snu#0167","2020-02-05 15:42:33Z","https://www.sandiegouniontribune.com/weather/story/2020-02-03/how-cold-will-it-get-in-san-diego","",""
"65559042231119872","Snu#0167","2020-02-05 15:42:35Z","nice","",""
"262163646132649985","hexalellogram#1647","2020-02-06 06:51:06Z","https://www.vice.com/en_us/article/z3b3g9/here-is-a-link-to-the-shadow-inc-app-that-blew-up-the-iowa-caucus","",""
"71501943637282816","KNOX#1118","2020-02-18 03:44:38Z","https://medium.com/pcmag-access/malware-steals-data-by-adjusting-screen-brightness-2e683857fbc2","","acm (2)"
"65559042231119872","Snu#0167","2020-03-04 22:27:47Z","https://engineering.fb.com/data-infrastructure/messenger/","",""
"522908004136255489","shmet#9694","2020-03-05 02:02:27Z","damn they completely rewrote a 1.7M LOC app into a 360k one","",""
"522908004136255489","shmet#9694","2020-03-05 02:05:41Z","a lot of the architecture philosophy changes seem like really common-sense in 2020, like using native frameworks and the dynamic UI template","",""
"522908004136255489","shmet#9694","2020-03-05 02:06:14Z","wish they included more about how the feature budgets changed the development process","",""
"261357590829596674","truly#5810","2020-03-14 08:31:24Z","thats a really cool read holy","",""
"261357590829596674","truly#5810","2020-03-14 08:31:36Z","really interesting to see the merits of rewriting an entire codebase","",""
"261357590829596674","truly#5810","2020-03-14 08:31:53Z","does anyone know of any other big companies that rewrote an entire codebase and found it worthwhile?","",""
"261357590829596674","truly#5810","2020-03-14 08:31:58Z","i know usually its not done","",""
"65559042231119872","Snu#0167","2020-03-14 10:10:14Z","https://medium.com/airbnb-engineering/sunsetting-react-native-1868ba28e30a","",""
"522908004136255489","shmet#9694","2020-03-15 22:15:07Z","tbh the FB thing didn't even reveal anything interesting, like it's cool they rewrote the entire app but it's super light on real details","",""
"522908004136255489","shmet#9694","2020-03-15 22:15:24Z","+1 on the Airbnb RN articles","",""
"65559042231119872","Snu#0167","2020-03-24 21:05:00Z","https://www.cnbc.com/2020/03/24/bill-gates-us-missed-its-chance-to-avoid-coronavirus-shutdown.html","",""
"65559042231119872","Snu#0167","2020-03-24 21:05:11Z",":pikachu:","","pikachu (6)"
"522908004136255489","shmet#9694","2020-04-02 22:00:17Z","https://techcrunch.com/2020/04/02/zoom-freezes-feature-development-to-fix-security-and-privacy-issues/","",""
"71501943637282816","KNOX#1118","2020-04-02 22:05:11Z","good","",""
"71501943637282816","KNOX#1118","2020-04-02 22:05:29Z","https://blog.cloudflare.com/speeding-up-linux-disk-encryption/","",""
"71501943637282816","KNOX#1118","2020-04-02 22:05:32Z","loved this article","",""
"65559042231119872","Snu#0167","2020-04-03 03:05:42Z","https://ishadeed.com/article/new-facebook-css/","",""
"400790942925324308","StoneT2000#2103","2020-04-14 17:45:54Z","https://github.blog/2020-04-14-github-is-now-free-for-teams/","",""
"132525049977503744","Gideon#5433","2020-04-14 17:46:42Z","Damn that‚Äôs actually epic","",""
"132525049977503744","Gideon#5433","2020-04-14 17:47:03Z","I wonder if they‚Äôre responding to competition from Atlassian and GitLab because I‚Äôm pretty sure they made some of their featureset free as well","",""
"261357590829596674","truly#5810","2020-04-14 21:47:19Z","Microsoft is loaded üò©","",""
"184400560634593281","Storm_FireFox1#0001","2020-04-14 21:47:35Z","Yeah, they are :3","",""
"165100050110742530","cherryfeather#3004","2020-04-14 22:42:03Z","^ can confirm","",""
"249409586094669824","god#1891","2020-04-15 01:20:38Z","xD","",""
"71501943637282816","KNOX#1118","2020-04-15 03:04:09Z","https://writings.stephenwolfram.com/2020/04/finally-we-may-have-a-path-to-the-fundamental-theory-of-physics-and-its-beautiful/","",""
"184400560634593281","Storm_FireFox1#0001","2020-04-15 03:22:51Z","Now I'm actually reading this article instead of doing my homework, it's 100x more interesting","",""
"311262625784922112","michl1001#5416","2020-04-15 05:48:24Z","Dude, it 1 am and I got lectures to watch but here I am reading this only to realize that I haven't even reached a quarter of the way through","",""
"311262625784922112","michl1001#5416","2020-04-15 05:48:45Z","Make that 2 am","",""
"184400560634593281","Storm_FireFox1#0001","2020-04-15 06:15:41Z","I finished it, but I clearly am not good enough in physics to understand proofs of this","",""
"184400560634593281","Storm_FireFox1#0001","2020-04-15 06:16:17Z","I even have some decent experience with Wolfram and I'm _still_ not sure how he uses the functions in it to graph this stuff","",""
"311262625784922112","michl1001#5416","2020-04-15 06:16:45Z","I just finished my lecture vids and I want to finish it but is 2:20 AM on the East coast","",""
"184400560634593281","Storm_FireFox1#0001","2020-04-15 06:17:00Z","Go to bed","",""
"311262625784922112","michl1001#5416","2020-04-15 06:28:32Z","I should","",""
"311262625784922112","michl1001#5416","2020-04-15 06:28:47Z","But this is interesting","",""
"311262625784922112","michl1001#5416","2020-04-15 06:29:22Z","I click on the link expecting a definition and I get a research paper: https://www.wolframscience.com/nks/chap-12--the-principle-of-computational-equivalence/","",""
"311262625784922112","michl1001#5416","2020-04-15 06:29:29Z","There is sooo much","",""
"184400560634593281","Storm_FireFox1#0001","2020-04-15 06:30:01Z","Bruh, you just touched the surface","",""
"184400560634593281","Storm_FireFox1#0001","2020-04-15 06:30:14Z","Wolfram is notorious for taking the modularity concept and putting it into knowledge","",""
"184400560634593281","Storm_FireFox1#0001","2020-04-15 06:30:33Z","He has Wolfram notebooks that are so compartmentalized it's insane","",""
"184400560634593281","Storm_FireFox1#0001","2020-04-15 06:45:26Z","Not gonna lie, after reading the article a second time, I'm seeing some holes","",""
"184400560634593281","Storm_FireFox1#0001","2020-04-15 06:47:24Z","I don't think this covers some general relativity stuff","",""
"184400560634593281","Storm_FireFox1#0001","2020-04-15 06:48:06Z","Particularly, the Einstein field equation","",""
"184400560634593281","Storm_FireFox1#0001","2020-04-15 06:48:30Z","Cause it doesn't exactly link the Ricci tensor with gravity","",""
"184400560634593281","Storm_FireFox1#0001","2020-04-15 06:48:53Z","I'm probably really off, but I don't see that in the original article","",""
"184400560634593281","Storm_FireFox1#0001","2020-04-15 06:51:01Z","Ok, I think I'm off, cause this seems to cover it:

https://www.wolframcloud.com/obj/wolframphysics/Documents/some-relativistic-and-gravitational-properties-of-the-wolfram-model.pdf","",""
"184400560634593281","Storm_FireFox1#0001","2020-04-15 06:51:11Z","But I cannot pretend like I know anything that paper covers","",""
"184400560634593281","Storm_FireFox1#0001","2020-04-15 06:51:20Z","Why am I reading this at 11:45PM?","",""
"184400560634593281","Storm_FireFox1#0001","2020-04-15 06:58:09Z","Was browsing Hacker News for this exact article, found a guy sharing my concerns that worded it better than I did and even found the same document, for those interested:

https://news.ycombinator.com/item?id=22866284","",""
"278970798163623936","pantsuit sasquatch#8270","2020-04-15 18:41:48Z","i'm just lowkey annoyed because i should be doing my physics homework not read a physics paper","",""
"184400560634593281","Storm_FireFox1#0001","2020-04-15 18:47:51Z","What course you in?","",""
"278970798163623936","pantsuit sasquatch#8270","2020-04-15 20:31:47Z","2a","",""
"278970798163623936","pantsuit sasquatch#8270","2020-04-15 20:31:58Z","so far it's like a fun physics 1 review","",""
"184400560634593281","Storm_FireFox1#0001","2020-04-15 20:34:55Z","Ah, yes","",""
"184400560634593281","Storm_FireFox1#0001","2020-04-15 20:34:57Z","PHYS 2A","",""
"184400560634593281","Storm_FireFox1#0001","2020-04-15 20:35:02Z","The course I should've taken","",""
"278970798163623936","pantsuit sasquatch#8270","2020-04-15 20:35:15Z","it's... mostly boring so far.","",""
"184400560634593281","Storm_FireFox1#0001","2020-04-15 20:41:05Z","Would you consider taking PHYS 4A instead?","",""
"278970798163623936","pantsuit sasquatch#8270","2020-04-15 20:43:20Z","i would but i can't, so no","",""
"184400560634593281","Storm_FireFox1#0001","2020-04-15 21:00:24Z","Good","",""
"184400560634593281","Storm_FireFox1#0001","2020-04-15 21:00:26Z","Don't","",""
"311262625784922112","michl1001#5416","2020-04-15 21:07:13Z","2A is a good class to chill if you've taken AP","",""
"262163646132649985","hexalellogram#1647","2020-04-15 21:07:29Z","@michl1001 ap physics 1 or ap physics c","",""
"311262625784922112","michl1001#5416","2020-04-15 21:07:47Z","Either","",""
"262163646132649985","hexalellogram#1647","2020-04-15 21:08:35Z","hm maybe ill take 2a, would anyone say thats easier than chem 6a? (need to knock out another gen. science requirement for CSE)","",""
"262163646132649985","hexalellogram#1647","2020-04-15 21:08:44Z","i took ap physics 1 but that was in my last year of HS","",""
"262163646132649985","hexalellogram#1647","2020-04-15 21:12:30Z","so maybe im rusty idk","",""
"206933072078307328","iceeee#5570","2020-04-15 21:12:37Z","I think most people would say that for CSE gen science reqs","",""
"262163646132649985","hexalellogram#1647","2020-04-15 21:12:52Z","but i havent done chem since sophomore year HS either so im equally rusty there if not more","",""
"206933072078307328","iceeee#5570","2020-04-15 21:12:56Z","from easiest to hardest it‚Äôd go bio -> chem -> physics","",""
"206933072078307328","iceeee#5570","2020-04-15 21:13:22Z","i did 6A with only chem knowledge from sophomore yr (not even AP) and got an A- without spending toooo much time on the class","",""
"206933072078307328","iceeee#5570","2020-04-15 21:13:40Z","half the class was just review of my HS class and it wasnt even AP","",""
"262163646132649985","hexalellogram#1647","2020-04-15 21:13:42Z","i did BILD 1 my first quarter here and it was.. i mean it wasnt overly difficult just they slammed us with memorization terms and stuff (which i guess is just the nature of bio)","",""
"262163646132649985","hexalellogram#1647","2020-04-15 21:14:47Z","i didnt spend that much time on that particular class either tbh but then again, i had a super easy BILD 1 teacher who literally assigned 2 homework assignments the entire quarter that you could complete in 2 hours just by reading slides","",""
"210908400152870912","sw4nky#8532","2020-04-15 21:27:42Z","i feel like bio has the most memorization while physics has the most calculation","",""
"210908400152870912","sw4nky#8532","2020-04-15 21:27:48Z","and chem is somewhere in between","",""
"311262625784922112","michl1001#5416","2020-04-15 22:11:11Z","^^^^","",""
"311262625784922112","michl1001#5416","2020-04-15 22:13:12Z","For me, phys2A had no hw and just quizzes but that's partly because I had a new teacher who just started teaching","",""
"278970798163623936","pantsuit sasquatch#8270","2020-04-15 23:19:04Z","I've got Burgasser, but I'm happy about that","",""
"71501943637282816","KNOX#1118","2020-04-16 19:47:09Z","https://twitter.com/i/status/1249949967420215297","",""
"117543813563547648","LittlestAnt#3124","2020-04-16 19:58:25Z","can ar glasses be a thing already","",""
"117543813563547648","LittlestAnt#3124","2020-04-16 19:58:39Z","both google glass + hololens shifted towards being sold for industry use only üò¢","",""
"262163646132649985","hexalellogram#1647","2020-04-16 19:59:30Z","north focals 2.0","",""
"262163646132649985","hexalellogram#1647","2020-04-16 19:59:48Z","https://www.bynorth.com/","",""
"98468173745000448","wingdings#0001","2020-04-16 20:08:27Z","isn't apple supposedly working on a glasses project?","",""
"262163646132649985","hexalellogram#1647","2020-04-16 20:13:52Z","Supposedly yes","",""
"117543813563547648","LittlestAnt#3124","2020-04-16 20:49:09Z","ah it's like apple car","",""
"522908004136255489","shmet#9694","2020-04-21 22:10:30Z","https://dropbox.tech/infrastructure/rewriting-the-heart-of-our-sync-engine","",""
"522908004136255489","shmet#9694","2020-04-21 22:10:36Z","https://dropbox.tech/infrastructure/-testing-our-new-sync-engine","",""
"71501943637282816","KNOX#1118","2020-04-28 21:39:22Z","https://blog.emojipedia.org/a-new-king-pleading-face/","",""
"71501943637282816","KNOX#1118","2020-04-28 21:39:29Z","important tech news","",""
"65559042231119872","Snu#0167","2020-04-29 04:55:20Z","https://slack.engineering/development-environments-at-slack-f3c1339c2445","",""
"65559042231119872","Snu#0167","2020-04-29 04:58:58Z","cool side project idea to set up dev environments that auto deploy to some subdomain","",""
"65559042231119872","Snu#0167","2020-04-29 04:59:20Z","kinda like an acm ngrok","",""
"522908004136255489","shmet#9694","2020-04-29 21:13:27Z","ngrok is cool but I think it'd be very difficult to implement esp as a side project","",""
"184400560634593281","Storm_FireFox1#0001","2020-04-29 21:15:56Z","Wait, @Snu, do you mean an auto-deployment of projects at a specified sub-domain?","",""
"65559042231119872","Snu#0167","2020-04-29 21:16:54Z","nah more like creating a docker container","",""
"65559042231119872","Snu#0167","2020-04-29 21:17:12Z","then deploying that container under a sub domain","",""
"65559042231119872","Snu#0167","2020-04-29 21:17:24Z","like test-feature232.acmucsd.com","",""
"184400560634593281","Storm_FireFox1#0001","2020-04-29 21:17:25Z","That'd imply the project is Dockerized","",""
"184400560634593281","Storm_FireFox1#0001","2020-04-29 21:17:29Z","But that shouldn't be too hard","",""
"184400560634593281","Storm_FireFox1#0001","2020-04-29 21:17:46Z","The issue really lies in filling up the subdomain rules at the DNS registrar","",""
"184400560634593281","Storm_FireFox1#0001","2020-04-29 21:18:05Z","I don't know what acmucsd.com  is on, but I don't know many registrars with API's","",""
"184400560634593281","Storm_FireFox1#0001","2020-04-29 21:18:27Z","Get an EC2 or already existent server, setup an Nginx subdomain directive, get the Docker container running on a random open port and link to config","",""
"184400560634593281","Storm_FireFox1#0001","2020-04-29 21:18:42Z","Maybe use Caddy instead, since that has HTTPS automatically in it, too","",""
"65559042231119872","Snu#0167","2020-04-29 21:19:55Z","we use namecheap rn","",""
"65559042231119872","Snu#0167","2020-04-29 21:20:06Z","https://ngrok.com/pricing ngrok allows custom subdomains for like 5 bucks","",""
"184400560634593281","Storm_FireFox1#0001","2020-04-29 21:21:29Z","Ngrok and the thing you suggested are a bit different in functionality","",""
"184400560634593281","Storm_FireFox1#0001","2020-04-29 21:21:46Z","Ngrok makes a tunnel, whereas the idea I suggested is a deployment script, essentially","",""
"65559042231119872","Snu#0167","2020-04-29 21:23:23Z","yeah u could either deploy off ur local branch","",""
"65559042231119872","Snu#0167","2020-04-29 21:23:45Z","or create a docker container that is hosted somewhere for ur dev changes","",""
"184400560634593281","Storm_FireFox1#0001","2020-04-29 21:24:05Z","So you're talking about both?","",""
"65559042231119872","Snu#0167","2020-04-29 21:25:02Z","yeah we could do either option","",""
"184400560634593281","Storm_FireFox1#0001","2020-04-29 21:25:25Z","Docker is probably more streamlined and would _probably_ work better with GitHub Actions, for instance","",""
"184400560634593281","Storm_FireFox1#0001","2020-04-29 21:25:55Z","(i.e. deploy container to domain on commit)","",""
"184400560634593281","Storm_FireFox1#0001","2020-04-29 21:26:01Z","But I don't recall exactly how open those are","",""
"184400560634593281","Storm_FireFox1#0001","2020-04-29 21:26:07Z","And if not, Git hooks are a thing anyway","",""
"146619230760992768","riku#6996","2020-04-30 18:19:58Z","> then deploying that container under a sub domain
@Snu traefik is your friend","",""
"146619230760992768","riku#6996","2020-04-30 18:20:12Z","and then just link it with a script to your dns provider's api","",""
"65559042231119872","Snu#0167","2020-04-30 18:23:38Z","ooo","https://cdn.discordapp.com/attachments/579021342356144164/705484522568810506/traefik-screenshot.png",""
"146619230760992768","riku#6996","2020-04-30 18:24:03Z","use Traefik instead of nginx so you can have your new subdomains automatically configured at your host level (so your machine is listening + automatic LetsEncrypt) - traefik dynamically updates based on labels you set on docker containers","",""
"146619230760992768","riku#6996","2020-04-30 18:24:11Z","and then use something like this to automatically update your DNS records: https://github.com/tiredofit/docker-traefik-cloudflare-companion","",""
"65559042231119872","Snu#0167","2020-04-30 18:25:03Z","https://github.com/containous/traefik oh damn open source","",""
"146619230760992768","riku#6996","2020-04-30 18:25:12Z","ye","",""
"146619230760992768","riku#6996","2020-04-30 18:25:25Z","documentation is kinda annoying (at first) but 100% worth the switch if you use docker based deployments","",""
"65559042231119872","Snu#0167","2020-04-30 18:26:08Z","damn this is actually hella cool","",""
"184400560634593281","Storm_FireFox1#0001","2020-04-30 18:26:20Z","Not gonna lie, it *is*","",""
"184400560634593281","Storm_FireFox1#0001","2020-04-30 18:26:27Z","Where'd you find this, @riku?","",""
"146619230760992768","riku#6996","2020-04-30 18:26:43Z","definitely not during a late night hacking spree","",""
"184400560634593281","Storm_FireFox1#0001","2020-04-30 18:26:50Z","Ah, cool","",""
"184400560634593281","Storm_FireFox1#0001","2020-04-30 18:26:55Z","I might even use this for my server","",""
"184400560634593281","Storm_FireFox1#0001","2020-04-30 18:27:04Z","Nginx is annoying to configure","",""
"146619230760992768","riku#6996","2020-04-30 18:27:22Z","ye, the only annoying thing is repeating labels tbh lol (it's out of necessity, but annoying)","",""
"146619230760992768","riku#6996","2020-04-30 18:27:31Z","+ setting up global http->https redirect","",""
"184400560634593281","Storm_FireFox1#0001","2020-04-30 18:27:49Z","Does the interface have an API, too?","",""
"146619230760992768","riku#6996","2020-04-30 18:28:01Z","yeah the interface actually just interacts with the api im pretty sure","",""
"184400560634593281","Storm_FireFox1#0001","2020-04-30 18:28:02Z","Then you can make a CLI to script deploys from local projects","",""
"184400560634593281","Storm_FireFox1#0001","2020-04-30 18:28:21Z","So something like ""npm/yarn deploy"" or whatever","",""
"184400560634593281","Storm_FireFox1#0001","2020-04-30 18:28:29Z","And get it on this thing","",""
"146619230760992768","riku#6996","2020-04-30 18:35:39Z","@Storm_FireFox1 are you talking about using the api to tell traefik about a new deploy? traefik would already detect that to begin with, no?","",""
"184400560634593281","Storm_FireFox1#0001","2020-04-30 18:36:11Z","Stanley was talking about an automatic deploy of a local project to a reverse proxy","",""
"184400560634593281","Storm_FireFox1#0001","2020-04-30 18:37:43Z","So, for instance, if I run ""npm deploy"":
- compile Docker image / whatever I can do to reproduce a build on the server
- get files on the server
- get subdomain for project
- get HTTPS certificate
- deploy to subdomain","",""
"146619230760992768","riku#6996","2020-04-30 18:38:22Z","uh i mean in the case of traefik, all you would need to do is compile and build your docker image and attach labels to the container when you boot it up","",""
"146619230760992768","riku#6996","2020-04-30 18:38:27Z","traefik would automatically detect it and handle the rest","",""
"146619230760992768","riku#6996","2020-04-30 18:39:52Z","assuming you deploy your project into a new running docker container, traefik would detect the new container and automatically deploy it to whatever subdomain you indicated in the labels and automatically fetch https certs too","",""
"184400560634593281","Storm_FireFox1#0001","2020-04-30 18:39:56Z","It was more that the issue is, I can't see if Traefik can automatically see new spawned container not in the Docker Compose file","",""
"184400560634593281","Storm_FireFox1#0001","2020-04-30 18:40:08Z","Eitehr that, or you were right about the documentation sucking","",""
"146619230760992768","riku#6996","2020-04-30 18:40:21Z","it doesn't really have anything to do with Docker compose tbh","",""
"146619230760992768","riku#6996","2020-04-30 18:40:34Z","Traefik listens to Docker itself - it knows exactly when new containers are spawned, destroyed, etc","",""
"184400560634593281","Storm_FireFox1#0001","2020-04-30 18:40:44Z","Oh, that makes more sense","",""
"146619230760992768","riku#6996","2020-04-30 18:40:46Z","that's what makes it so nice - it's completely dynamic","",""
"184400560634593281","Storm_FireFox1#0001","2020-04-30 18:40:50Z","Attach Docker/K8S as a provider","",""
"184400560634593281","Storm_FireFox1#0001","2020-04-30 18:41:01Z","And then it reads whatever is there","",""
"184400560634593281","Storm_FireFox1#0001","2020-04-30 18:41:05Z","That makes more sense","",""
"146619230760992768","riku#6996","2020-04-30 18:41:11Z","if you deploy a new container with the appropriate traefik labels, traefik will dynamically update its own internal configuration to act as a reverse proxy + load balancer to your container","",""
"146619230760992768","riku#6996","2020-04-30 18:41:38Z","no need to ever talk to traefik to begin with","",""
"184400560634593281","Storm_FireFox1#0001","2020-04-30 18:42:16Z","Alright, so deploys would just devolve to running a Docker container with specific labels on the host machine","",""
"146619230760992768","riku#6996","2020-04-30 18:42:23Z","yep pretty much","",""
"146619230760992768","riku#6996","2020-04-30 18:43:01Z","and you can use that Cloudflare DNS thing earlier or anything else to have your DNS records automatically updated too (obviously this isn't Traefik native functionality, as Traefik itself is only designed to be a reverse proxy / etc)","",""
"184400560634593281","Storm_FireFox1#0001","2020-04-30 18:48:23Z","So use the Cloudflare config and you just get a nice:
```ssh traefikhost ""docker run some_project --label traefik.enable=true --label ...""```","",""
"146619230760992768","riku#6996","2020-04-30 18:49:06Z","yep, and the rest should be taken care of for you (assuming no errors)","",""
"71501943637282816","KNOX#1118","2020-05-01 17:09:36Z","https://twitter.com/i/status/1256025959695777793","","üòÆ (4)"
"71501943637282816","KNOX#1118","2020-05-04 20:33:00Z","https://thenextweb.com/security/2020/05/04/mozillas-handy-new-firefox-extension-generates-burner-email-addresses-on-demand/","",""
"184400560634593281","Storm_FireFox1#0001","2020-05-04 20:33:30Z","This will work right up until everyone blacklists Firefox's domains","",""
"209733794532556800","ecks dee#8650","2020-05-05 05:54:36Z","i love firefox","",""
"165100050110742530","cherryfeather#3004","2020-05-06 18:30:25Z","https://news.airbnb.com/a-message-from-co-founder-and-ceo-brian-chesky/","","üò¢ (4)"
"71501943637282816","KNOX#1118","2020-05-06 19:36:26Z","https://in.pcmag.com/encryption/136199/report-source-code-for-older-nintendo-gaming-systems-leaks-online","",""
"71501943637282816","KNOX#1118","2020-05-06 19:36:31Z","yeet","",""
"90669319024836608","for loop#9853","2020-05-06 19:37:20Z","ebic","",""
"71501943637282816","KNOX#1118","2020-05-06 19:39:13Z","3ds hacking workshop just got serious","",""
"120713932171247617","Rinsworth#8035","2020-05-06 19:52:39Z","oh uh quick warning about that kind of stuff","",""
"120713932171247617","Rinsworth#8035","2020-05-06 19:53:23Z","if you even look at the source code of any of these things, technically that becomes a legal liability when working on things like emulators or homebrews","",""
"120713932171247617","Rinsworth#8035","2020-05-06 19:54:05Z","because any knowledge you gain from reading the source code or documentation is technically private property","",""
"90669319024836608","for loop#9853","2020-05-06 20:02:10Z","straight facts","",""
"186637503732776962","wd#2465","2020-05-06 20:05:15Z","plausible deniability they cant prove you looked at it","",""
"120713932171247617","Rinsworth#8035","2020-05-06 20:05:40Z","but you also cannot prove you did not look at it","",""
"120713932171247617","Rinsworth#8035","2020-05-06 20:05:47Z","that's the reason why","",""
"120713932171247617","Rinsworth#8035","2020-05-06 20:05:55Z","if there is any similarity between their code and yours","",""
"120713932171247617","Rinsworth#8035","2020-05-06 20:05:59Z","they can bring you to court","",""
"120713932171247617","Rinsworth#8035","2020-05-06 20:06:05Z","and nintendo has a lot more money than any of us","",""
"120713932171247617","Rinsworth#8035","2020-05-06 20:07:11Z","and if your code looks similar to it by coincidence, welp","",""
"71501943637282816","KNOX#1118","2020-05-06 20:12:35Z","Not really planning on looking at it","",""
"71501943637282816","KNOX#1118","2020-05-06 20:12:43Z","Just think it‚Äôs interesting","",""
"120713932171247617","Rinsworth#8035","2020-05-06 20:14:33Z","yeah, the ramifications are interesting","",""
"120713932171247617","Rinsworth#8035","2020-05-06 20:14:52Z","i think that the source code for some of the first few generations of pokemon were leaked as well","",""
"120713932171247617","Rinsworth#8035","2020-05-06 20:15:08Z","could be interesting to see how they compare to the deconstructed versions of the game","",""
"71501943637282816","KNOX#1118","2020-05-06 20:54:29Z","in the Switch scene, they had to reimplement the switch firmware from scratch so they could make changes and resign it to avoid this problem","",""
"71501943637282816","KNOX#1118","2020-05-06 20:54:54Z","https://github.com/Atmosphere-NX/Atmosphere","",""
"71501943637282816","KNOX#1118","2020-05-06 20:55:10Z","pretty insane how much contribution there is to this project","",""
"71501943637282816","KNOX#1118","2020-05-06 20:56:13Z","over 2000 commits","",""
"120713932171247617","Rinsworth#8035","2020-05-06 21:03:19Z","it's the same with the bootloader part of switch homebrewing","",""
"120713932171247617","Rinsworth#8035","2020-05-06 21:03:32Z","probably interesting how they do it","",""
"120713932171247617","Rinsworth#8035","2020-05-06 21:03:36Z","potential event lol","",""
"71501943637282816","KNOX#1118","2020-05-06 21:12:29Z","S O O N","",""
"71501943637282816","KNOX#1118","2020-05-06 21:46:49Z","https://www.bbc.com/news/technology-52532930","",""
"184400560634593281","Storm_FireFox1#0001","2020-05-06 21:49:01Z","Surprised the bot didn't just divulge inside jokes half the time","",""
"262163646132649985","hexalellogram#1647","2020-05-06 21:52:11Z","""everyone on reddit is a bot except you""","",""
"262163646132649985","hexalellogram#1647","2020-05-06 21:52:24Z","""we did it reddit""","",""
"262163646132649985","hexalellogram#1647","2020-05-06 21:52:56Z","people chatting with the bot on facebook: tf why is it talking about reddit","",""
"132525049977503744","Gideon#5433","2020-05-06 22:54:33Z","Nah Facebook engineers replaced all instances of other social media networks with ""Facebook""","",""
"132525049977503744","Gideon#5433","2020-05-06 22:54:43Z","So we get ""Everyone on Facebook is a bot except you""","",""
"132525049977503744","Gideon#5433","2020-05-06 22:55:32Z","Let's replace names too","",""
"132525049977503744","Gideon#5433","2020-05-06 22:55:37Z","""Have you ever heard of Facebook the wise""","",""
"98468173745000448","wingdings#0001","2020-05-06 23:07:22Z","> people chatting with the bot on facebook: tf why is it talking about reddit
@hexalellogram edit: Thanks for the gold kind stranger!","",""
"262163646132649985","hexalellogram#1647","2020-05-06 23:08:55Z","> ""Have you ever heard of Facebook the wise""
@Gideon its not a story the facebook would tell you","",""
"184400560634593281","Storm_FireFox1#0001","2020-05-06 23:09:10Z","> @hexalellogram edit: Thanks for the gold kind stranger!
@wingdings I literally curled up just readingthis","",""
"98468173745000448","wingdings#0001","2020-05-06 23:10:48Z","> @wingdings I literally curled up just readingthis
@Storm_FireFox1 guys Bernie still has a chance to win!!","",""
"98468173745000448","wingdings#0001","2020-05-06 23:11:15Z","how‚Äôs my redditor impression","",""
"184400560634593281","Storm_FireFox1#0001","2020-05-06 23:11:25Z","@wingdings Ah, the old ACM switch-a-roo","","‚¨ÜÔ∏è (1)"
"184400560634593281","Storm_FireFox1#0001","2020-05-06 23:11:31Z","> Hold my membership points, I'm going in","",""
"184400560634593281","Storm_FireFox1#0001","2020-05-06 23:11:39Z","> how‚Äôs my redditor impression
@wingdings Terrible, and therefore on point","",""
"98468173745000448","wingdings#0001","2020-05-06 23:12:01Z","> @wingdings Ah, the old ACM switch-a-roo
@Storm_FireFox1  I was JUST about to comment the same thing! Upvoted","","‚¨áÔ∏è (1)"
"522908004136255489","shmet#9694","2020-05-07 01:37:02Z","F in the chat for the Facebook SDK","",""
"522908004136255489","shmet#9694","2020-05-07 01:37:13Z","a bug in it crashed Spotify, TikTok, and a bunch of other apps lmao","",""
"98468173745000448","wingdings#0001","2020-05-07 19:49:59Z","https://keybase.io/blog/keybase-joins-zoom","",""
"98468173745000448","wingdings#0001","2020-05-07 19:50:15Z","hopefully this will improve Zoom security going forward","",""
"98468173745000448","wingdings#0001","2020-05-07 19:51:28Z","some interesting discussions about it on HN","",""
"98468173745000448","wingdings#0001","2020-05-07 19:51:28Z","https://news.ycombinator.com/item?id=23102430","",""
"184400560634593281","Storm_FireFox1#0001","2020-05-07 19:52:42Z","I'm getting off Keybase, lmao","",""
"184400560634593281","Storm_FireFox1#0001","2020-05-07 19:52:58Z","Thank God I never uploaded my GPG keys there","",""
"262163646132649985","hexalellogram#1647","2020-05-07 19:53:29Z","Is Zoom's security mediocre? Yes, but that's just what you get because security and ease of use almost never mix (never underestimate how difficult it is for people to use the most basic things). Are the issues also pretty overblown (comparative to the amount of media attention they got)? Also yes. Deadass there were articles about ""Zoom recordings publicly uploaded to the internet for all to see"" and literally the issue there was that okay, Zoom uses a standardized format when it exports media recordings and then people uploaded those to Google Drive or Dropbox and turned on public sharing, and somehow overzealous media reporting turned that into a __Zoom__ security issue instead of a ""people being dumb"" issue.","",""
"184400560634593281","Storm_FireFox1#0001","2020-05-07 19:55:12Z","No end-to-end encryption on conference calls companies use (which they most likely assumed remained confidential) is a big no-no","",""
"184400560634593281","Storm_FireFox1#0001","2020-05-07 19:55:30Z","Also, the fact it's closed source isn't helping its case when it comes to the grassroots tech people","",""
"184400560634593281","Storm_FireFox1#0001","2020-05-07 19:55:37Z","So both sides of the tech world were pissed about the security","",""
"262163646132649985","hexalellogram#1647","2020-05-07 19:58:13Z","> No end-to-end encryption on conference calls companies use (which they most likely assumed remained confidential) is a big no-no
@Storm_FireFox1 it's pretty damn difficult to do e2e encryption on a videoconfrencing service that's easy for non-tech people to use (security and ease of use, like i said, tend not to mix)","",""
"262163646132649985","hexalellogram#1647","2020-05-07 19:58:58Z","When your service is being used by mothers that you have to teach how to copy an image from Google Images to PowerPoint, you start to become __very__ sensitive to ease of use concerns","",""
"262163646132649985","hexalellogram#1647","2020-05-07 19:59:57Z","Do you have any idea how long it took me to teach my mom how to use Zoom? And she still can't do anything on it apart from start a call and share her screen, and she still screws that up frequently.","",""
"262163646132649985","hexalellogram#1647","2020-05-07 20:00:45Z","People are far more tech illiterate than anyone expects, and I have learned that you can never be not surprised at how people struggle with these things.","",""
"184400560634593281","Storm_FireFox1#0001","2020-05-07 20:00:51Z","Signal has E2EE, and I think it's pretty easy to use","",""
"184400560634593281","Storm_FireFox1#0001","2020-05-07 20:00:56Z","So does WhatsApp (technically)","",""
"184400560634593281","Storm_FireFox1#0001","2020-05-07 20:01:22Z","E2EE has virtually no relevance on ease of use, but admittedly, the focus of Zoom's dev team would be on that rather than security","",""
"262163646132649985","hexalellogram#1647","2020-05-07 20:01:38Z","> Signal has E2EE, and I think it's pretty easy to use
@Storm_FireFox1 Doesn't support calls on desktop","",""
"262163646132649985","hexalellogram#1647","2020-05-07 20:01:55Z","At least according to https://support.signal.org/hc/en-us/articles/360007060492-Voice-or-Video-Calling","",""
"184400560634593281","Storm_FireFox1#0001","2020-05-07 20:02:38Z","I was giving an example as to the idea of E2EE no mingling well with ease of use, not that Signal actually did it","",""
"184400560634593281","Storm_FireFox1#0001","2020-05-07 20:03:14Z","If I was gonna give an example of a good chat app that had that on desktop and mobile, I'd recommend Matrix, but Matrix is not even **remotely** close to being used by your average person (even if it is easy to use)","",""
"262163646132649985","hexalellogram#1647","2020-05-07 20:04:28Z","Signal really falls apart when it comes to usage on multiple devices too (which is something many people would expect)

Like I actually went and evaluated Signal with a group of friends and we all collectively decided against it because Signal's multi-device support is... mediocre at best","",""
"262163646132649985","hexalellogram#1647","2020-05-07 20:04:47Z","so a lot of the e2e focused apps do have a lot of usability concerns in general","",""
"262163646132649985","hexalellogram#1647","2020-05-07 20:05:48Z","For all its (mediocre at best) security, Telegram gets usability right down to the core","",""
"262163646132649985","hexalellogram#1647","2020-05-07 20:06:57Z","Also signal doesn‚Äôt support groups so... e2e gets a lot harder with group video","",""
"165100050110742530","cherryfeather#3004","2020-05-08 15:39:33Z","Stay safe y'all","https://cdn.discordapp.com/attachments/579021342356144164/708342334286331944/image0.jpg",""
"71501943637282816","KNOX#1118","2020-05-09 02:00:08Z","https://www.wired.com/story/android-zero-day-more-than-ios-zerodium/","",""
"65559042231119872","Snu#0167","2020-05-09 10:14:55Z","https://engineering.fb.com/web/facebook-redesign/","","ü§™ (1)"
"65559042231119872","Snu#0167","2020-05-11 08:43:55Z","https://blog.logrocket.com/deno-1-0-what-you-need-to-know/ woo","",""
"165100050110742530","cherryfeather#3004","2020-05-15 00:41:36Z","https://spotify.design/","",""
"424735525950193675","caprice#9489","2020-05-15 04:32:21Z","https://www.theverge.com/2020/5/13/21257182/facebook-avatars-now-available-us-bitmoji-comments-messages-stories?fbclid=IwAR2VG-QOaOxIwzh4N3eQKaG7spFe6n_6EAYLJZNrEnD7mc-IzlkbY7Ck6DE haha wtf","","pikachu (1)"
"117543813563547648","LittlestAnt#3124","2020-05-15 05:12:25Z","caitlyn liu (pres of tesc) worked on that team","",""
"98468173745000448","wingdings#0001","2020-05-15 05:31:44Z","facebook is slowly becoming imvu","",""
"261357590829596674","truly#5810","2020-05-19 23:07:16Z","rip eric ries","",""
"98468173745000448","wingdings#0001","2020-05-21 17:32:13Z","https://www.theverge.com/facebook/2020/5/21/21265699/facebook-remote-work-shift-workforce-permanent-covid-19-mark-zuckerberg-interview","",""
"98468173745000448","wingdings#0001","2020-05-21 17:32:32Z","not sure how i feel about this","",""
"315890107699691521","mIdKnIgHt(Thomas G)#5965","2020-05-24 00:54:27Z","https://ai.googleblog.com/2020/01/towards-conversational-agent-that-can.html","",""
"315890107699691521","mIdKnIgHt(Thomas G)#5965","2020-05-24 00:54:41Z","artificial general intelligence","","‚ù§Ô∏è (1)"
"261357590829596674","truly#5810","2020-05-27 00:42:20Z","o dang they took it back","https://cdn.discordapp.com/attachments/579021342356144164/715001911681744976/Screen_Shot_2020-05-26_at_5.42.07_PM.png",""
"261357590829596674","truly#5810","2020-05-27 00:43:08Z","o i just saw bryce posted this","","üá¥ (6),üá® (6)"
"262163646132649985","hexalellogram#1647","2020-05-27 01:00:16Z","oc indeed","",""
"65559042231119872","Snu#0167","2020-05-28 20:53:24Z","https://news.ycombinator.com/item?id=23319901 üëÄ","",""
"261357590829596674","truly#5810","2020-05-28 21:09:24Z","oo this looks neato","",""
"261357590829596674","truly#5810","2020-05-28 21:09:31Z","@Snu next hackathon imma use this","",""
"65559042231119872","Snu#0167","2020-05-28 21:12:05Z","yooo bet","",""
"261357590829596674","truly#5810","2020-05-29 07:20:31Z","@for loop","",""
"261357590829596674","truly#5810","2020-05-29 07:23:08Z","jam stack is the future","",""
"261357590829596674","truly#5810","2020-05-29 07:23:08Z","https://docs.netlify.com/forms/setup/","",""
"90669319024836608","for loop#9853","2020-05-29 07:24:15Z","DENO IS COMING","",""
"65559042231119872","Snu#0167","2020-05-29 07:31:27Z","jamstack is the future","",""
"65559042231119872","Snu#0167","2020-05-31 02:04:03Z","https://bhavukjain.com/blog/2020/05/30/zeroday-signin-with-apple/","",""
"184400560634593281","Storm_FireFox1#0001","2020-05-31 02:23:15Z","https://hooked-on-redux.js.org/","",""
"184400560634593281","Storm_FireFox1#0001","2020-05-31 02:23:19Z","¬Ø\\_(„ÉÑ)\_/¬Ø","",""
"184400560634593281","Storm_FireFox1#0001","2020-05-31 02:28:31Z","Also wanna point out that the library I linked is a good example of not using Redux in the way the developer intended it","",""
"65559042231119872","Snu#0167","2020-05-31 02:56:49Z","interesting take on hooks","",""
"65559042231119872","Snu#0167","2020-05-31 02:57:32Z","redux already implemented hooks with memoized selectors https://react-redux.js.org/api/hooks","",""
"65559042231119872","Snu#0167","2020-05-31 02:58:00Z","only 22 stars on github so ig its pretty new","",""
"184400560634593281","Storm_FireFox1#0001","2020-05-31 02:59:30Z","To be fair, I linked the website with the idea to show bad Redux style","",""
"184400560634593281","Storm_FireFox1#0001","2020-05-31 02:59:37Z","But still an interesting concept","",""
"165100050110742530","cherryfeather#3004","2020-06-02 15:44:38Z","Thoughts?

https://www.fastcompany.com/90511044/google-search-will-now-favor-websites-with-great-ux

https://developers.google.com/search/docs/guides/page-experience#signals","",""
"184400560634593281","Storm_FireFox1#0001","2020-06-02 15:56:38Z","I don't enjoy that this will more or less standardize the design of the web","",""
"184400560634593281","Storm_FireFox1#0001","2020-06-02 15:56:48Z","Kinda removes the exploratory part of the Internet of old","",""
"117543813563547648","LittlestAnt#3124","2020-06-02 17:19:01Z","^ true","",""
"117543813563547648","LittlestAnt#3124","2020-06-02 17:19:36Z","https://youtu.be/2LzyRcLJdlg","",""
"522908004136255489","shmet#9694","2020-06-02 20:10:31Z","nice to see they‚Äôre dropping the AMP bullshit","",""
"98468173745000448","wingdings#0001","2020-06-02 20:11:21Z","i really miss the days of flash animations","","üò¢ (1)"
"98468173745000448","wingdings#0001","2020-06-02 20:11:30Z","newgrounds was so cool when i was a kid","",""
"98468173745000448","wingdings#0001","2020-06-02 20:11:53Z","there still really isn't any software that compares to how Flash was in its prime too","",""
"65559042231119872","Snu#0167","2020-06-04 13:31:58Z","https://venturebeat.com/2020/06/03/stanford-lab-envisions-delivery-drones-that-save-energy-by-taking-the-bus/","",""
"65559042231119872","Snu#0167","2020-06-04 13:32:12Z","","https://cdn.discordapp.com/attachments/579021342356144164/718094759285096459/unknown.png",""
"65559042231119872","Snu#0167","2020-06-04 13:32:17Z","","https://cdn.discordapp.com/attachments/579021342356144164/718094778851393676/unknown.png",""
"65559042231119872","Snu#0167","2020-06-04 13:32:26Z","just wait till they become sentient","",""
"165100050110742530","cherryfeather#3004","2020-06-04 16:38:56Z","tffff","",""
"165100050110742530","cherryfeather#3004","2020-06-04 16:39:16Z","bruh imagine having a convo on your commute w the local delivery drone","",""
"165100050110742530","cherryfeather#3004","2020-06-04 17:24:56Z","is this new in discord or have i not been paying attention","https://cdn.discordapp.com/attachments/579021342356144164/718153330911739935/Screen_Shot_2020-06-04_at_10.24.25_AM.png",""
"184400560634593281","Storm_FireFox1#0001","2020-06-04 17:27:14Z","The latter","",""
"165100050110742530","cherryfeather#3004","2020-06-04 17:29:42Z","even the top ones :uwu:","",""
"165100050110742530","cherryfeather#3004","2020-06-04 17:29:44Z","?","",""
"98468173745000448","wingdings#0001","2020-06-04 17:45:54Z","the top ones are new ( i think? )","",""
"132525049977503744","Gideon#5433","2020-06-04 17:48:14Z","It's always been there","",""
"132525049977503744","Gideon#5433","2020-06-04 17:48:17Z","Well not always","",""
"132525049977503744","Gideon#5433","2020-06-04 17:48:20Z","But at least several months","",""
"132525049977503744","Gideon#5433","2020-06-04 17:48:48Z","The dark theme changed tho, it's like a different shade of grey now","",""
"165100050110742530","cherryfeather#3004","2020-06-06 00:19:24Z","https://uxdesign.cc/neumorphism-in-user-interfaces-b47cef3bf3a6

Thoughts on neumorphism?","",""
"65559042231119872","Snu#0167","2020-06-06 02:07:00Z","https://insights.stackoverflow.com/survey/2020","",""
"65559042231119872","Snu#0167","2020-06-06 02:07:31Z","https://www.youtube.com/watch?v=Hfr-e13av5I","",""
"209733794532556800","ecks dee#8650","2020-06-06 02:20:19Z","Imagine developing in BSD LOL","",""
"209733794532556800","ecks dee#8650","2020-06-06 02:20:36Z","","https://cdn.discordapp.com/attachments/579021342356144164/718650519542956073/unknown.png",""
"184400560634593281","Storm_FireFox1#0001","2020-06-06 02:21:24Z","\> macOS
\> Linux-based
\> BSD
\> implying macOS is not BSD-based","",""
"262163646132649985","hexalellogram#1647","2020-06-06 02:44:30Z","oh man do i want to be pedantic","",""
"262163646132649985","hexalellogram#1647","2020-06-06 02:44:39Z","capitalization time","",""
"262163646132649985","hexalellogram#1647","2020-06-06 02:44:43Z","MacOS does not exist","",""
"262163646132649985","hexalellogram#1647","2020-06-06 02:45:56Z","There have been: Mac OS (the OS that they used in the late 90s up until 2001, Mac OS 7 - Mac OS 9), Mac OS X (2001-2011, version 10.0-10.7), OS X (10.8-10.11, 2012-2015), and macOS (2016-present, versions 10.12-10.15)","",""
"262163646132649985","hexalellogram#1647","2020-06-06 02:46:25Z","There has never been a MacOS (no space, M and OS capitalized)","",""
"262163646132649985","hexalellogram#1647","2020-06-06 02:46:37Z","this has been your apple fact of the day","",""
"98468173745000448","wingdings#0001","2020-06-06 02:49:48Z","imagine being a smelly Arch user ü§°","",""
"98468173745000448","wingdings#0001","2020-06-06 02:50:10Z","this post was made by macOS gang","",""
"629076276317126669","ishaanharry#7544","2020-06-06 02:50:14Z",":bruh:","",""
"98468173745000448","wingdings#0001","2020-06-06 02:50:21Z",":bryce:","",""
"629076276317126669","ishaanharry#7544","2020-06-06 02:50:26Z",":hyena:","",""
"117543813563547648","LittlestAnt#3124","2020-06-06 05:53:13Z","i don't like techlead but","",""
"117543813563547648","LittlestAnt#3124","2020-06-06 05:53:14Z","https://www.youtube.com/watch?v=6nGskPedj6s","",""
"117543813563547648","LittlestAnt#3124","2020-06-06 05:53:25Z","this is low key pretty funny","",""
"262163646132649985","hexalellogram#1647","2020-06-06 05:59:33Z","is this just the same facebook post that he made","",""
"262163646132649985","hexalellogram#1647","2020-06-06 05:59:35Z","but in video format","",""
"262163646132649985","hexalellogram#1647","2020-06-06 06:00:01Z","because i saw the facebook post that he made and like half the points that he made are meh at best (imo)","",""
"210908400152870912","sw4nky#8532","2020-06-06 07:29:11Z","I dual boot and I don't think I've ever actually booted into Windows in months","",""
"209733794532556800","ecks dee#8650","2020-06-06 07:37:54Z","windows is a drug","","arch (2)"
"65559042231119872","Snu#0167","2020-06-08 09:25:24Z","","https://cdn.discordapp.com/attachments/579021342356144164/719482199698571284/COVID_Layoff_V2-1.png",""
"65559042231119872","Snu#0167","2020-06-08 09:26:48Z","","https://cdn.discordapp.com/attachments/579021342356144164/719482551449813012/0.png",""
"65559042231119872","Snu#0167","2020-06-08 09:26:56Z","hertz filed for bankruptcy","",""
"165100050110742530","cherryfeather#3004","2020-06-08 23:55:50Z","https://www.youtube.com/watch?v=Px8HXgJWsBY","",""
"186637503732776962","wd#2465","2020-06-09 00:00:35Z","D:","",""
"165100050110742530","cherryfeather#3004","2020-06-09 00:00:58Z","""there will be links in the description""
* one single link in the description *","",""
"65559042231119872","Snu#0167","2020-06-09 01:31:52Z","o shit f","",""
"65559042231119872","Snu#0167","2020-06-09 01:32:04Z","his podcasts with jean yang were so good","",""
"209733794532556800","ecks dee#8650","2020-06-09 05:38:37Z","https://youtu.be/vd7Pj9Ejyws","",""
"209733794532556800","ecks dee#8650","2020-06-09 05:39:09Z","If interested in machine learning applications to stock market, check this out!","",""
"71501943637282816","KNOX#1118","2020-06-10 07:02:38Z","https://www.theverge.com/2020/6/9/21284960/apple-arm-based-macs-wwdc-2020-report-intel-laptops-desktops-power-efficiency","",""
"133299867236827136","Quotopia#3856","2020-06-10 07:12:56Z","rip intel stock","",""
"210908400152870912","sw4nky#8532","2020-06-10 07:16:02Z","who's down for a wwdc watch party","",""
"262163646132649985","hexalellogram#1647","2020-06-10 07:23:14Z","> who's down for a wwdc watch party
@sw4nky 100% down since im gonna be watching live anyways lmao","",""
"629076276317126669","ishaanharry#7544","2020-06-10 16:41:45Z","WWDC party when?","",""
"261357590829596674","truly#5810","2020-06-11 06:34:18Z","downn","",""
"65559042231119872","Snu#0167","2020-06-13 04:35:37Z","https://open.spotify.com/episode/7Jmu3Uhk96zYNOuqxXp37U?si=j6EIVCDgQu2ExkjlDROWcA","",""
"65559042231119872","Snu#0167","2020-06-13 04:36:03Z","good podcast episode about the foundation of spacex","","üëÄ (1)"
"65559042231119872","Snu#0167","2020-06-13 04:36:32Z","theres a story about elon going to russia and drinking vodka to buy a missile","",""
"629076276317126669","ishaanharry#7544","2020-06-13 05:02:39Z","> theres a story about elon going to russia and drinking vodka to buy a missile
as ya do","",""
"262163646132649985","hexalellogram#1647","2020-06-13 05:04:33Z","> theres a story about elon going to russia and drinking vodka to buy a missile
sounds like elon","",""
"184400560634593281","Storm_FireFox1#0001","2020-06-16 02:00:31Z","Fun fact: new Nintendo Switch consoles check for downgrades in their OS by programatically blowing fuses in the GPU after major software upgrades","",""
